{
  "literature": {
    "nsubj": 0.10826638890262472,
    "obj": 0.056888777151230786,
    "obl": 0.08699677607957258,
    "advmod": 0.030230025285884442,
    "amod": 0.021569808971548643,
    "ccomp": 0.00159464951386616,
    "acl": 0.007876510974450539,
    "nmod": 0.08039024470531926,
    "mdd": 2.384096678411246,
    "max_depth": 4.114341085271318,
    "branching": 2.3842955601676534,
    "left_ratio": 0.5990814602646698,
    "non_proj_rate": 0.005639411514896995,
    "pos_NOUN": 0.20404015104450365,
    "pos_VERB": 0.17858877042587484,
    "pos_ADJ": 0.04137463696632286,
    "pos_ADV": 0.02069822657554731,
    "pos_PRON": 0.12669199319235988,
    "pos_ADP": 0.12871174801069676,
    "pos_PART": 0.04254223113567624
  },
  "news": {
    "nsubj": 0.06348368139948764,
    "obj": 0.04281230723965196,
    "obl": 0.07805103074740014,
    "advmod": 0.008731608628581057,
    "amod": 0.029397901586516867,
    "ccomp": 0.0018475036861474346,
    "acl": 0.006464000300611768,
    "nmod": 0.08790836274717126,
    "mdd": 2.906607480424662,
    "max_depth": 4.903916768665851,
    "branching": 2.4080007863811974,
    "left_ratio": 0.5241060988228041,
    "non_proj_rate": 0.008532784874869982,
    "pos_NOUN": 0.17821737799390885,
    "pos_VERB": 0.09342375301050984,
    "pos_ADJ": 0.04645835785271934,
    "pos_ADV": 0.010201699871383111,
    "pos_PRON": 0.04113952766787722,
    "pos_ADP": 0.17025619286448845,
    "pos_PART": 0.011706606364869082
  },
  "social": {
    "nsubj": 0.08221560239957443,
    "obj": 0.023111672065488094,
    "obl": 0.03620961985537982,
    "advmod": 0.01796200256864067,
    "amod": 0.01814558012033953,
    "ccomp": 0.0007742438060495516,
    "acl": 0.00488713214993537,
    "nmod": 0.08397533120968757,
    "mdd": 2.560247470744588,
    "max_depth": 4.271317829457364,
    "branching": 2.671738144630993,
    "left_ratio": 0.4844425368099826,
    "non_proj_rate": 0.018059841824413937,
    "pos_NOUN": 0.14155025136159505,
    "pos_VERB": 0.07979659726657651,
    "pos_ADJ": 0.021535876088672568,
    "pos_ADV": 0.009936510006967218,
    "pos_PRON": 0.057954734600653146,
    "pos_ADP": 0.07762633646985731,
    "pos_PART": 0.03235390188979087
  }
}