{
  "literature": {
    "nsubj": 0.11260863079231814,
    "obj": 0.055228055114944864,
    "obl": 0.08831705815103987,
    "advmod": 0.030701291772511703,
    "amod": 0.02187626559647721,
    "ccomp": 0.002459963196959609,
    "acl": 0.006093829596774704,
    "nmod": 0.06927233522398696,
    "mdd": 2.4283716242648645,
    "max_depth": 4.205492888670917,
    "branching": 2.4251816858779653,
    "left_ratio": 0.6068630724771182,
    "non_proj_rate": 0.006209482218276983,
    "pos_NOUN": 0.208328726623105,
    "pos_VERB": 0.17095558384752,
    "pos_ADJ": 0.04634186269843339,
    "pos_ADV": 0.021425854590669577,
    "pos_PRON": 0.11863334881135895,
    "pos_ADP": 0.12825099196540055,
    "pos_PART": 0.04480686874227664
  },
  "news": {
    "nsubj": 0.062446780375214256,
    "obj": 0.04223057519050049,
    "obl": 0.07916428037682774,
    "advmod": 0.008899640137112697,
    "amod": 0.030850237517592288,
    "ccomp": 0.0017716008210509272,
    "acl": 0.006333359124726742,
    "nmod": 0.0879974740007314,
    "mdd": 2.9411059073383448,
    "max_depth": 4.93393300248139,
    "branching": 2.3984526358922347,
    "left_ratio": 0.5211224254114091,
    "non_proj_rate": 0.009165581667408109,
    "pos_NOUN": 0.1791901505881338,
    "pos_VERB": 0.09041340962582142,
    "pos_ADJ": 0.047272359944088876,
    "pos_ADV": 0.009467590506522489,
    "pos_PRON": 0.040694453581938114,
    "pos_ADP": 0.17436225549862855,
    "pos_PART": 0.012296869688219794
  },
  "social": {
    "nsubj": 0.08227953490528078,
    "obj": 0.02202599884771995,
    "obl": 0.036700389218272074,
    "advmod": 0.015231569761971236,
    "amod": 0.01834201350065427,
    "ccomp": 0.0008065860376931707,
    "acl": 0.005254136383801808,
    "nmod": 0.08058701198574315,
    "mdd": 2.565191949889796,
    "max_depth": 4.254998924962374,
    "branching": 2.745813071571001,
    "left_ratio": 0.485948465823087,
    "non_proj_rate": 0.015908370236869203,
    "pos_NOUN": 0.14062385564677116,
    "pos_VERB": 0.0792702898874193,
    "pos_ADJ": 0.02173480203869248,
    "pos_ADV": 0.008962101382042292,
    "pos_PRON": 0.055259755243842114,
    "pos_ADP": 0.07653874347755571,
    "pos_PART": 0.030414661109829877
  }
}