{
  "literature": {
    "mean": 2.398038764249908,
    "std": 0.7485698025914743,
    "median": 2.3684210526315788,
    "n_sentences": 513
  },
  "news": {
    "mean": 3.1917988057889093,
    "std": 0.8398978866713054,
    "median": 3.1578947368421053,
    "n_sentences": 1488
  },
  "social": {
    "mean": 2.885871178188803,
    "std": 1.2770920258648109,
    "median": 2.642857142857143,
    "n_sentences": 1030
  }
}