{
  "literature": {
    "mean": 2.441543265224881,
    "std": 0.7112306740610322,
    "median": 2.4,
    "n_sentences": 2028
  },
  "news": {
    "mean": 3.2296067592843403,
    "std": 0.8812426474152614,
    "median": 3.1666666666666665,
    "n_sentences": 5872
  },
  "social": {
    "mean": 2.860395051291643,
    "std": 1.3207453150427102,
    "median": 2.5625,
    "n_sentences": 4171
  }
}